{"cameraMode":{"drawMode":0,"name":"Shaded","section":"Shading Mode"},"sceneLighting":false,"audioPlay":false,"sceneViewState":{"showFog":false,"showMaterialUpdate":false,"showSkybox":false,"showFlares":false,"showImageEffects":false,"showParticleSystems":false},"in2DMode":false,"pivot":{"x":0.031248271465301515,"y":1.5159717798233033,"z":-2.152583599090576},"rotation":{"x":-0.07074420899152756,"y":0.8631489872932434,"z":-0.11668307334184647,"w":-0.48617324233055117},"size":4.757874011993408,"orthographic":true}